{
	"id": "a9e30fd6-478f-4f26-a2be-84f4119ea014",
	"name": "CloudStarter PROD",
	"values": [
		{
			"key": "tenant",
			"value": "cloud.tibco.com",
			"enabled": true
		},
		{
			"key": "username",
			"value": "<your TIBCO Cloud Email>",
			"enabled": true
		},
		{
			"key": "password",
			"value": "<your secure TIBCO Cloud password>",
			"enabled": true
		},
		{
			"key": "ClientID",
			"value": "<your secure TIBCO Cloud ClientID for V3 Login>",
			"enabled": true
		},
		{
			"key": "endpoint_gettoken",
			"value": "https://sso-ext.tibco.com",
			"enabled": true
		},
		{
			"key": "access_token",
			"value": "",
			"enabled": true
		},
		{
			"key": "cloud_cookie",
			"value": "",
			"enabled": true
		},
		{
			"key": "sandboxId",
			"value": "",
			"enabled": true
		},
		{
			"key": "sharedAppID",
			"value": "",
			"enabled": true
		},
		{
			"key": "newAppID",
			"value": "",
			"enabled": true
		}
	],
	"_postman_variable_scope": "environment",
	"_postman_exported_at": "2019-02-21T18:56:37.436Z",
	"_postman_exported_using": "Postman/6.7.3"
}